{
    "type": "GenericCrafter",
    "name": "合金打印机",
    "category": "crafting",
    "requirements": [
        	{ "item": "silicon", "amount":30},
			{"item": "graphite","amount": 12},
		{"item": "copper", "amount":90}		
    ],
    "outputItem": "surge-alloy/1",
    "craftTime": 40.00,
    "size": 2,
    "hasPower": true,
    "hasLiquids": false,
    "drawer": {
        "type": "DrawSmelter",
        "flameColor": "ffef99"
    },
    "consumes": {
      	"liquid": 
	{"liquid": "slag", "amount": 0.15 }
        "power": 1.50
    },
    "research":"surge-alloy"   
}