{
   "type":"UnitAssembler",
   "name": "我单位装逼工厂",
   "description": "",
   "health":1800,
   "size":7,
   "liquidCapacity":120,
   "consumes":{
       "power":4,
       "liquid": {"liquid": "water", "amount": 3.6}
   },
   "areaSize":81,
   "plans":[
       {
           "unit":"dagger",
           "time":180,
           "requirements":[
        "copper-wall/1",
        "Combustion-Generator/1",
        "buo/2",
        "micro-processor/1"
           ]
       },{
           "unit":"pulsar",
           "time":80,
           "requirements":[
        "copper-wall/1",
        "Combustion-Generator/1",
        "arc/2",
       "battery/1,
        "micro-processor/1"
           ]
       },{
           "unit":"quasar",
           "time":290,
           "requirements":[
        "copper-wall/2",
        "large-battery/1",
        "lancer/2",
       "steam-generator/1,
        "Logic-processor/1",
        "force-projector/1"
           ]
       },
   ],
   "droneType":"assembly-drone",
   "requirements": [
	"silicon/200","copper/400","graphite/190"
	    ],
	"category":"units",
	"canOverdrive": false,
	"buildVisibility": "sandboxOnly",
	"research": "ground-factory"
}