{
    "type": "UnitFactory",
    "name": "5级单位直接工厂",
    "category": "units",
    "requirements": [
       	{"item": "graphite","amount": 950},
		{ "item": "silicon", "amount": 950},
		{"item": "beryllium", "amount":1000}
    ],
    "plans": [
        {
            "unit": "conquer",
            "time": 1500.00,
            "requirements": [ 
            	{"item": "graphite","amount": 250},
		{ "item": "silicon", "amount": 150},
		{"item": "beryllium", "amount":200}
            ]
        },{
            "unit": "collaris",
            "time": 1200.00,
            "requirements": [ 
            	{"item": "graphite","amount": 200},
		{ "item": "silicon", "amount": 50},
		{"item": "beryllium", "amount":240}
            ]
        },{
            "unit": "disrupt",
            "time": 900.00,
            "requirements": [ 
            	{"item": "graphite","amount": 100},
		{ "item": "silicon", "amount": 50},
		{"item": "beryllium", "amount":140}
            ]
        }
    ],
    "size": 7,
    "consumes": {
        "power": 5.00
    },
    "research":"tank-assembler"
}