{
	"type":"ItemTurret",
	"name":"行空-秦云",
    "description":"向敌人发射追踪导弹",
	"size":4,//物品面积
	"health":1100,//建筑血量
	"ammoPerShot":4,
	"range":400,//攻击范围
	"reload":40,//60：0.1每秒一个
	"inaccuracy":0,//误差
	"rotatespeed":5,//旋转速度
	"maxAmmo":50,//最大弹药
	"targetAir":true//攻击天空
	"targetGround":true,//攻击地面
	"coolantMultiplier":2,
	"heatColor":"#FF0000",
	    "consumes": {
        "coolant": {
            "amount": 0.3,
            "optional": true
        }
    },
			"shootSound":"missile",
			"shoot":{
	"shots":4,
	"shotDelay":5,
	"type":"ShootBarrel",
	"barrels":[
        0,0,0,
        -5,0,0,
        5,0,0,
    ]	},
	"ammoTypes":{
		"copper": {
		    "reloadMultiplier":1,
			"speed": 15,
			"damage": 6,
			"lifetime":90,
			"width": 8,
			"height": 12,
			"ammoMultiplier":2,
			"shootEffect": "shootBig" 	
				    "splashDamageRadius":25,
	    "splashDamage":45,	
	                    "fragBullets": 4,
            "fragBullet": {
                "speed": 0.5,
                "damage": 12,
                "lifetime": 15
            },},
				
	},
	"requirements": [
		"graphite/25"
		"titanium/30"
		"silicon/30"
		"plastanium/45"
	],
	"category": "turret",
	"research":"duo"
	
}