{
    "type": "ItemTurret",
    "name": "sB",
    "category": "turret",
    "requirements": [
        "copper/350"
    ],
    "ammoTypes": {
        "copper":{
    "type": "ArtilleryBulletType",
    "speed": 1.50,
    "damage": 50,
    "knockback": 4.80,
    "lifetime": 80.00,
    "width": 11.00,
    "height": 11.00,
    "collidesTiles": false,
    "splashDamageRadius": 500,
    "splashDamage": 10.00,
    "collidesGround": true,
    "explodeRange": 20.00,
    "fragBullets": 20,
    "fragBullet": {
        "type": "BasicBulletType",
        "speed": 10.50,
        "damage": 98,
        "width": 10.00,
        "height": 12.00,
        "shrinkY": 1.00,
        "lifetime": 15.00
    },
        "shrinkY": 0.00,
    "homingPower": 0.08,
    "splashDamageRadius": 20.00,
    "splashDamage": 30.00,
    "makeFire": true,
    "ammoMultiplier": 5.00,
    "status": "burning"
}
    },
    "spread": 4.00,
    "shots": 2,
    "alternate": true,
    "reloadTime": 20.0,
    "restitution": 0.03,
    "range": 100,
    "shootCone": 15.00,
    "health": 250,
    "inaccuracy": 2.00,
    "rotateSpeed": 10.00
}