{
	"type": "ItemTurret",
	"name": "E星激光炮",
	"description": "你还在为埃里克尔没有激光炮而烦恼吗？现在有了",
	"health": 9040,
	"size":3,
	"reload":24,
	"range":500,
    "maxAmmo":140,	
    "shootSound":"laser",
    "liquidCapacity":80,
	"targetGround":true,
	"targetAir":true,
	"rotateSpeed":18,
    "coolantMultiplier":1,
	"drawer":{
	    "type":"DrawTurret",
	    "parts":[
	        {"type":"RegionPart",
	        "suffix":"-1",
	        "mirror":true,
	        "layer":50,
	        //"moveRot":30,
	        "moveX":3,
	        "moveY":-3,
	        "under":true,
	        "x":0,"y":0}
	        ]},
  "consumes":{
       "power": 2.1},//电力使用，此处乘60为实际用电量
	"ammoTypes": {
		"silicon": {
            "type": "LaserBulletType",
            //"status":"melting",
            "damage":400,
            "length":250,
            "width":12,
            //"reloadMultiplier": 1.2,
            "lightColor":"0090FFFF",
            "colors":["D69862FF","FFCF76FF","F2E770FF"],
            "knockback":0.3
	        "smokeEffect":"smoke",
	        "shootEffect": "lancerLaserShootSmoke"}},
	"requirements": [
		{ "item": "beryllium", "amount": 590},
		{ "item": "silicon", "amount": 490},
		{ "item": "graphite", "amount": 600}
	],
	"category": "turret",
	"research": "breach"
	}