{
    "type": "ItemTurret",
    "name": "杨葵",
    "category": "turret",
    "requirements": [
        "copper/350"
    ],
    "ammoTypes": {
        "copper":{
    "type": "RailBulletType",
    "shootEffect": "railShoot",
    "length": 450,
    "updateEffectSeg": 50.0,
    "pierceEffect": "railHit",
    "updateEffect": "railTrail",
    "hitEffect": "massiveExplosion",
    "smokeEffect": "shootBig2",
    "damage": 150,
    "pierceDamageFactor": 1.0
}
    },

    "spread": 4.00,
    "shots": 2,
    "alternate": true,
    "reloadTime": 40.0,
    "restitution": 0.03,
    "range": 100,
    "shootCone": 15.00,
    "health": 250,
    "inaccuracy": 0,
    "rotateSpeed": 50.00
}