{
	"name": "[铜铅]小型加速器",
	"description": "便宜且高效的加速器",//介绍
	"type": "OverdriveProjector"
	"health": 300,//生命
	"size": 1,//占地边长支持1~9对应贴图1x1=32x32像素.
	"range": 50,//范围
	"speedBoostPhase": 0.6,//加速加成
	"useTime": 400//使用一个物品加成时间
	"phaseRangeBoost": 50,// 加速范围百分比
	"speedBoost": 1.5,//加成倍率格式1.0
	"consumes": {
		"power": 0.1,//工作能量消耗,比例1:60
        "items":{
			"items":[
				{"item":"silicon","amount":1}
			]
			"booster":true
			"optional": true
		}
	},
	"requirements": [
		{ "item": "lead", "amount":75 }
		{ "item": "copper", "amount":66}
		{ "item": "silicon", "amount":60 }
	]
	"category": "effect",
	"research":"mend-projector"
}