{
	"name": "深空-邶风超算：广角级过载投影仪",
	"description": "邶风计划的产物，深空星邶风组织研发的大型终级加速器，邶风组织终极计划的最后的一环",
	"type": "OverdriveProjector"
	"health": 12750,
	"size": 7,
	"range":12,
	"speedBoost":12,
	"hasBoost":true
    "speedBoostPhase":1 ,
	"useTime": 400
	"phaseRangeBoost": 400,
	"speedBoost": 5,
	     "itemCapacity":40,//物品容量
     "liquidCapacity":200,//流体容量
     		"canOverdrive": false,
    "consumes": {
		"power":300,
        "items":{
			"items":[
				{"item":"phase-fabric","amount":4}     
								{"item":"surge-alloy","amount":8}                       				{"item":"silicon","amount":3}           
							
       					
			]
				
                "booster":true
			    "optional": true
		}
			"liquid":{"liquid":"cryofluid","amount":0.6
			                "booster":true
			    "optional": true},//1=60
	},
	"requirements": [
		{ "item": "copper", "amount":690}
        { "item": "lead", "amount":955}
        { "item": "graphite", "amount":695}
		{ "item": "phase-fabric", "amount":865 }
		{ "item": "silicon", "amount":925 }
		{ "item": "titanium","amount":425 }
		{ "item": "surge-alloy", "amount": 550 }
	]
	"category": "effect",
	"research":"overdrive-dome"
}